{"cameraMode":{"drawMode":0,"name":"Shaded","section":"Shading Mode"},"sceneLighting":true,"audioPlay":false,"sceneViewState":{"m_AlwaysRefresh":false,"showFog":true,"showSkybox":true,"showFlares":true,"showImageEffects":true,"showParticleSystems":true,"showVisualEffectGraphs":true,"m_FxEnabled":false},"in2DMode":false,"pivot":{"x":-4.317025184631348,"y":1.0176243782043458,"z":5.403585433959961},"rotation":{"x":0.04461955279111862,"y":-0.05332210287451744,"z":0.002384023740887642,"w":0.9975841045379639},"size":22.329660415649415,"orthographic":false}